{
  "IcoMoonType": "selection",
  "icons": [
    {
      "icon": {
        "paths": [
          "M1024 102.4v819.2h-1007.616c-16.282 0-21.299-10.701-11.059-23.808l228.813-294.298c10.189-13.107 28.314-14.49 40.397-3.174l72.653 68.301c12.032 11.315 29.286 9.114 38.246-4.915l156.006-242.688c8.96-13.978 26.061-15.974 37.939-4.608l111.155 107.315c11.878 11.52 28.621 9.216 37.069-5.12l262.81-398.592c8.499-14.438 20.787-17.613 33.587-17.613z"
        ],
        "attrs": [],
        "isMulticolor": false,
        "isMulticolor2": false,
        "tags": [
          "area-graph"
        ],
        "grid": 20
      },
      "attrs": [],
      "properties": {
        "id": 102,
        "order": 17,
        "prevSize": 20,
        "name": "area-graph"
      },
      "setIdx": 0,
      "setId": 2,
      "iconIdx": 101
    },
    {
      "icon": {
        "paths": [
          "M880.128 212.736c-85.606-78.541-224.41-78.541-310.016 0l-58.112 53.35-58.163-53.35c-85.606-78.541-224.358-78.541-309.965 0-96.307 88.422-96.307 231.424 0 319.795l368.128 337.869 368.128-337.869c96.256-88.371 96.256-231.424 0-319.795z"
        ],
        "attrs": [],
        "isMulticolor": false,
        "isMulticolor2": false,
        "tags": [
          "heart"
        ],
        "grid": 20
      },
      "attrs": [],
      "properties": {
        "id": 182,
        "order": 14,
        "prevSize": 20,
        "name": "heart"
      },
      "setIdx": 0,
      "setId": 2,
      "iconIdx": 181
    },
    {
      "icon": {
        "paths": [
          "M991.59 926.822l-69.99-210.022h-76.8l42.65 204.8h-750.899l42.65-204.8h-76.8l-70.042 210.022c-17.766 53.453 13.722 97.178 70.042 97.178h819.2c56.32 0 87.808-43.725 69.99-97.178zM768 256c0-141.363-114.586-256-256-256s-256 114.637-256 256c0 244.48 256 512 256 512s256-267.52 256-512zM373.76 259.072c0-76.339 61.85-138.189 138.24-138.189s138.24 61.85 138.24 138.189c0 76.39-61.901 138.24-138.24 138.24s-138.24-61.901-138.24-138.24z"
        ],
        "attrs": [],
        "isMulticolor": false,
        "isMulticolor2": false,
        "tags": [
          "location"
        ],
        "grid": 20
      },
      "attrs": [],
      "properties": {
        "id": 211,
        "order": 16,
        "prevSize": 20,
        "name": "location"
      },
      "setIdx": 0,
      "setId": 2,
      "iconIdx": 210
    },
    {
      "icon": {
        "paths": [
          "M576 706.612v-52.78c70.498-39.728 128-138.772 128-237.832 0-159.058 0-288-192-288s-192 128.942-192 288c0 99.060 57.502 198.104 128 237.832v52.78c-217.102 17.748-384 124.42-384 253.388h896c0-128.968-166.898-235.64-384-253.388z"
        ],
        "tags": [
          "user",
          "profile",
          "avatar",
          "person",
          "member"
        ],
        "defaultCode": 59761,
        "grid": 16,
        "attrs": []
      },
      "attrs": [],
      "properties": {
        "ligatures": "user, profile2",
        "name": "user",
        "order": 15,
        "id": 114,
        "prevSize": 32
      },
      "setIdx": 1,
      "setId": 1,
      "iconIdx": 113
    }
  ],
  "height": 1024,
  "preferences": {
    "showGlyphs": true,
    "showQuickUse": true,
    "showQuickUse2": true,
    "showSVGs": true,
    "fontPref": {
      "prefix": "icon-",
      "metadata": {
        "fontFamily": "icomoon"
      },
      "metrics": {
        "emSize": 1024,
        "baseline": 6.25,
        "whitespace": 50
      },
      "embed": false
    },
    "imagePref": {
      "prefix": "icon-",
      "png": false,
      "useClassSelector": true,
      "color": 0,
      "bgColor": 16777215,
      "classSelector": ".icon",
      "name": "icomoon",
      "height": 32,
      "columns": 16,
      "margin": 16
    },
    "historySize": 50,
    "showCodes": true,
    "gridSize": 16
  }
}